"asset","asset_type","proposed_package","confidence","lines","exported_functions_detected","rationale"
"DESCRIPTION","metadata","shared","medium",96,"","Package-level metadata, examples, or documentation that must be reassigned after package boundaries are finalized."
"inst/COPYRIGHTS","inst","shared","medium",21,"","Package-level metadata, examples, or documentation that must be reassigned after package boundaries are finalized."
"inst/examples/damped_heat_equation_examples.R","inst","shared","medium",421,"","Package-level metadata, examples, or documentation that must be reassigned after package boundaries are finalized."
"inst/examples/noisy_circle_core_workflow_vignette.html","inst","shared","medium",1283,"","Package-level metadata, examples, or documentation that must be reassigned after package boundaries are finalized."
"inst/examples/noisy_circle_core_workflow_vignette.pdf","inst","shared","medium",2715,"","Package-level metadata, examples, or documentation that must be reassigned after package boundaries are finalized."
"inst/examples/sigmoid_fns_main.R","inst","shared","medium",23,"","Package-level metadata, examples, or documentation that must be reassigned after package boundaries are finalized."
"inst/examples/sigmoid_fns.R","inst","shared","medium",228,"","Package-level metadata, examples, or documentation that must be reassigned after package boundaries are finalized."
"inst/include/Eigen/","inst","shared","medium",NA,"","Cross-cutting infrastructure, generated registration, utilities, synthetic/test helpers, or shared numerical support."
"inst/include/libqhull/","inst","shared","medium",NA,"","Cross-cutting infrastructure, generated registration, utilities, synthetic/test helpers, or shared numerical support."
"inst/licenses/ANN-Copyright-Notice.txt","inst","shared","medium",47,"","Package-level metadata, examples, or documentation that must be reassigned after package boundaries are finalized."
"inst/licenses/LGPL-2.1.txt","inst","shared","medium",450,"","Package-level metadata, examples, or documentation that must be reassigned after package boundaries are finalized."
"inst/licenses/MPL-2.0.txt","inst","shared","medium",373,"","Package-level metadata, examples, or documentation that must be reassigned after package boundaries are finalized."
"inst/licenses/Qhull-COPYING.txt","inst","shared","medium",38,"","Package-level metadata, examples, or documentation that must be reassigned after package boundaries are finalized."
"inst/scripts/build_retina_vignette_assets.R","inst","shared","medium",283,"","Package-level metadata, examples, or documentation that must be reassigned after package boundaries are finalized."
"inst/WORDLIST","inst","shared","medium",447,"","Package-level metadata, examples, or documentation that must be reassigned after package boundaries are finalized."
"NAMESPACE","namespace","shared","medium",818,"","Package-level metadata, examples, or documentation that must be reassigned after package boundaries are finalized."
"R/2d_smooth_morse_smale.R","R","geosmooth","high",1912,"compute.gradient.trajectory;compute.morse.smale.cells;create.grid;create.morse.smale.complex;critical.points.plot;evaluate.function.on.grid;evaluate.function.on.grid.as.vector;find.critical.points;function.contours.plot;gradient.trajectories.plot;gradient.trajectory.plot;grid.critical.points.plot;morse.analysis.plot;morse.smale.cells.plot;morse.smale.complex.plot;morse.smale.complex.plot.from.critical;plot.morse.smale.trajectories.from.point;separatrices.with.cells.plot","Conditional-expectation, smoothing, regression, trend-filtering, or fitted-response model."
"R/analyze_comono_distributions.R","R","gflowx","medium",224,"plot.comono.diagnostics","Analysis workflow, association testing, clustering, visualization, microbiome-specific, or experimental application layer."
"R/annotation.R","R","undecided","low",419,"prof.fn;standardize.string","Needs manual review."
"R/basin_cx.R","R","gflow","high",2924,"basin.cx.merge;basins.union;create.basin.cx;plot.basin_cx;print.basin_cx;print.summary.basin_cx;show.basin.basin_cx;summary.basin_cx","Gradient-flow cells, Morse-Smale objects, basins, extrema, or trajectory infrastructure."
"R/basin_lookup_functions.R","R","gflow","high",171,"","Gradient-flow cells, Morse-Smale objects, basins, extrema, or trajectory infrastructure."
"R/bayes_bootstrap_rdgraph.R","R","geosmooth","high",266,"","Conditional-expectation, smoothing, regression, trend-filtering, or fitted-response model."
"R/boxcox_utils.R","R","shared","medium",177,"","Cross-cutting infrastructure, generated registration, utilities, synthetic/test helpers, or shared numerical support."
"R/cell_trajectories_generic.R","R","gflow","high",14,"","Gradient-flow cells, Morse-Smale objects, basins, extrema, or trajectory infrastructure."
"R/centered_paths.R","R","undecided","low",327,"get.path.data","Needs manual review."
"R/circular_data_utils.R","R","shared","medium",96,"angle.alignment","Cross-cutting infrastructure, generated registration, utilities, synthetic/test helpers, or shared numerical support."
"R/cluster_comono_graph.R","R","gflowx","medium",147,"cluster.comono.graph","Analysis workflow, association testing, clustering, visualization, microbiome-specific, or experimental application layer."
"R/cluster_local_extrema.R","R","gflowx","medium",332,"cluster.local.extrema","Analysis workflow, association testing, clustering, visualization, microbiome-specific, or experimental application layer."
"R/clustering.R","R","gflowx","medium",2362,"adjusted.rand.index;cluster.graph.louvain;clusters.reorder;congruence.with.labels;describe.hclust_select_k;graph.cltr.imputation;hclust.select.k;hdbscan.cltr;kNN.cltr.imputation;plot.hclust_select_k;print.hclust_select_k;summary.hclust_select_k","Analysis workflow, association testing, clustering, visualization, microbiome-specific, or experimental application layer."
"R/compat_helpers.R","R","shared","medium",257,"","Cross-cutting infrastructure, generated registration, utilities, synthetic/test helpers, or shared numerical support."
"R/component_mst_connectivity.R","R","gflow","medium",432,"","Graph, geodesic, geometry, dimensionality, or gradient-flow infrastructure."
"R/compositional_data_utils.R","R","gflowx","medium",210,"arcsin.sqrt.transform;clr.transform;clr.transform.matrix","Analysis workflow, association testing, clustering, visualization, microbiome-specific, or experimental application layer."
"R/compute_basins_of_attraction_rtcb.R","R","gflow","high",95,"","Gradient-flow cells, Morse-Smale objects, basins, extrema, or trajectory infrastructure."
"R/compute_basins_of_attraction.R","R","gflow","high",1032,"basin;basin.basins_of_attraction;basins;basins.basins_of_attraction;compute.basins.of.attraction;draw.basin;lmax.basin_summary;lmin.basin_summary;summary.basins_of_attraction","Gradient-flow cells, Morse-Smale objects, basins, extrema, or trajectory infrastructure."
"R/compute_gfc_basins.R","R","gflow","high",231,"compute.gfc.basins;print.gfc_basins","Gradient-flow cells, Morse-Smale objects, basins, extrema, or trajectory infrastructure."
"R/compute_gfc_modulation.R","R","gflow","high",489,"plot.gfc_modulation;print.gfc_modulation","Gradient-flow cells, Morse-Smale objects, basins, extrema, or trajectory infrastructure."
"R/compute_gfc.R","R","gflow","high",1339,"compute.gfc;expand.basins.to.cover;generate.refinement.report;print.basins_of_attraction","Gradient-flow cells, Morse-Smale objects, basins, extrema, or trajectory infrastructure."
"R/compute_Lp_graphs.R","R","gflow","medium",668,"compute.Lp.graphs;load.Lp.results;summary.Lp.results","Graph, geodesic, geometry, dimensionality, or gradient-flow infrastructure."
"R/compute_partition_cell_stats.R","R","gflow","high",195,"cell.y.values","Gradient-flow cells, Morse-Smale objects, basins, extrema, or trajectory infrastructure."
"R/consensus_clustering.R","R","gflowx","medium",162,"","Analysis workflow, association testing, clustering, visualization, microbiome-specific, or experimental application layer."
"R/cst_colors.R","R","gflowx","medium",111,"","Analysis workflow, association testing, clustering, visualization, microbiome-specific, or experimental application layer."
"R/cst_graph_mixing_stats.R","R","gflowx","medium",454,"plot.cst_graph_mixing_stats","Analysis workflow, association testing, clustering, visualization, microbiome-specific, or experimental application layer."
"R/data_smoother.R","R","geosmooth","high",505,"data.smoother","Conditional-expectation, smoothing, regression, trend-filtering, or fitted-response model."
"R/density.R","R","undecided","low",107,"gdensity","Needs manual review."
"R/detect_binary_partition.R","R","undecided","low",329,"","Needs manual review."
"R/diffusion_pseudotime_sparse.R","R","gflow","medium",387,"build.sparse.transition;compute.diffusion.pseudotime.sparse;compute.potential.pseudotime.sparse","Graph, geodesic, geometry, dimensionality, or gradient-flow infrastructure."
"R/distance_graph_helpers.R","R","gflow","medium",253,"","Graph, geodesic, geometry, dimensionality, or gradient-flow infrastructure."
"R/distance_quantile_bin_analysis.R","R","undecided","low",293,"distance.quantile.bin.analysis;plot.distance.quantile.bins","Needs manual review."
"R/divergences.R","R","undecided","low",1012,"classifier.based.divergence;energy.distance;entropy.difference;jensen.shannon.divergence;kullback.leibler.divergence;mutual.information;nn.distance.ratio.estimator;wasserstein.distance;wasserstein.divergence","Needs manual review."
"R/extract_optimal_Lp_graph.R","R","gflow","medium",573,"extract.optimal.Lp.graph","Graph, geodesic, geometry, dimensionality, or gradient-flow infrastructure."
"R/extract_stable_clusters.R","R","gflowx","medium",528,"","Analysis workflow, association testing, clustering, visualization, microbiome-specific, or experimental application layer."
"R/extrema_utils.R","R","gflow","high",887,"compute.extrema.hop.nbhds;get.nbrs;label.extrema.3d;label.extrema.leaders.3d;relabel.extrema","Gradient-flow cells, Morse-Smale objects, basins, extrema, or trajectory infrastructure."
"R/extremality_utils.R","R","gflow","high",1505,"analyze.dbscan.noise;compute.cluster.summary;compute.dbscan.cluster.summary;extract.cluster.representatives;extract.dbscan.cluster.representatives;extremality.summary;label.extremality.3d","Gradient-flow cells, Morse-Smale objects, basins, extrema, or trajectory infrastructure."
"R/fassoc_test.R","R","gflowx","medium",704,"compute.diff.profiles;create.delta1.Delta1.df;delta.indices;print.fassoc;summary.fassoc;total.associations","Analysis workflow, association testing, clustering, visualization, microbiome-specific, or experimental application layer."
"R/fassoc0_test_paired.R","R","gflowx","medium",941,"coef.assoc0;plot.assoc0;print.assoc0;print.summary.assoc0;summary.assoc0","Analysis workflow, association testing, clustering, visualization, microbiome-specific, or experimental application layer."
"R/fassoc1_test_paired.R","R","gflowx","medium",1081,"coef.assoc1;extract.derivatives.assoc1;plot.assoc1;print.assoc1;print.summary.assoc1;summary.assoc1","Analysis workflow, association testing, clustering, visualization, microbiome-specific, or experimental application layer."
"R/filter_basins_by_relvalue.R","R","gflow","high",299,"filter.basins.by.relvalue","Gradient-flow cells, Morse-Smale objects, basins, extrema, or trajectory infrastructure."
"R/filter_basins.R","R","gflow","high",401,"filter.basins","Gradient-flow cells, Morse-Smale objects, basins, extrema, or trajectory infrastructure."
"R/find_discrepant_pairs.R","R","undecided","low",118,"","Needs manual review."
"R/find_shortest_paths_within_radius.R","R","gflow","medium",96,"find.shortest.paths.within.radius","Graph, geodesic, geometry, dimensionality, or gradient-flow infrastructure."
"R/fit_rho_randomwalk.R","R","undecided","low",383,"fit.rho.randomwalk","Needs manual review."
"R/fn_graphs.R","R","gflow","medium",263,"","Graph, geodesic, geometry, dimensionality, or gradient-flow infrastructure."
"R/generate_knn_example_data.R","R","undecided","low",107,"","Needs manual review."
"R/geodesic_core_endpoints.R","R","gflow","medium",115,"geodesic.core.endpoints","Graph, geodesic, geometry, dimensionality, or gradient-flow infrastructure."
"R/geodesic_iknn_graphs.R","R","gflow","medium",306,"create.geodesic.iknn.graph;create.iterated.iknn.graphs;summary.iterated_iknn_graphs","Graph, geodesic, geometry, dimensionality, or gradient-flow infrastructure."
"R/geodesic_stats.R","R","gflow","medium",764,"plot.geodesic_stats;plot.vertex_geodesic_stats;print.geodesic_stats;summary.geodesic_stats;summary.vertex_geodesic_stats","Graph, geodesic, geometry, dimensionality, or gradient-flow infrastructure."
"R/geodesics.R","R","gflow","medium",1854,"dist.to.knn;E.geodesic.X;estimate_density;estimate.geodesic.distances;euclidean.distance;geodesic.knn;geodesic.knnx;graph.adj.mat;o.inv.fn;path.dist;path.length;subdivide.path;vars.approx.monotonically.assoc.with.geodesic","Graph, geodesic, geometry, dimensionality, or gradient-flow infrastructure."
"R/gfassoc_utils.R","R","gflowx","medium",328,"gfassoc.deviation;gfassoc.membership;gfassoc.overlap;gfassoc.polarity","Analysis workflow, association testing, clustering, visualization, microbiome-specific, or experimental application layer."
"R/gfc_flow.R","R","gflow","high",7204,"basin.feature.carriers;basin.prev.eval;basin.trajectories;basin.trajectories.gfc.flow;basin.vertices;cell.trajectories.gfc.flow;cell.trajectories.max.edge.length;cell.trajectories.monotonicity;compute.gfc.flow;compute.gfc.trajectory;construct.path.through.waypoints;count.feature.carriers;fit.trajectory.smooth.splines;get.basin;list.basins.default;list.basins.gfc.flow;list.cells.default;list.cells.gfc.flow;merge.gfc.basins;merge.gfc.flow.basins;plot.feature.prevalence;print.gfc_cell_trajectories;print.gfc.flow;print.summary.gfc_basin_trajectories;print.summary.gfc_cell_trajectories;summary.gfc_basin_trajectories;summary.gfc_cell_trajectories;summary.gfc.flow;trajectory.distances.to.vertex;uncovered.vertices.gfc.flow;vertex.cell.trajectory.gfc.flow;vertex.distances.to.trajectory;vertices.feature.carriers","Gradient-flow cells, Morse-Smale objects, basins, extrema, or trajectory infrastructure."
"R/gfcor.R","R","gflow","high",347,"gfcor;print.gfcor;print.summary.gfcor;summary.gfcor","Gradient-flow cells, Morse-Smale objects, basins, extrema, or trajectory infrastructure."
"R/gflow_basins.R","R","gflow","high",523,"find.gflow.basins;find.local.extrema;print.summary.gflow_basins;summary.gflow_basins","Gradient-flow cells, Morse-Smale objects, basins, extrema, or trajectory infrastructure."
"R/gflow_cx_utils.R","R","gflow","high",895,"analyze.harmonic.extensions;apply.harmonic.extension;compare.harmonic.methods;extract.extrema.subgraphs","Gradient-flow cells, Morse-Smale objects, basins, extrema, or trajectory infrastructure."
"R/gflow_cx.R","R","gflow","high",1602,"analyze.extrema.distribution;classify.spurious.extrema;compare.retained.extrema;create.gflow.cx;create.hop.nbhd.extrema.df2;print.gflow_cx;suggest.threshold;visualize.smoothing.steps","Gradient-flow cells, Morse-Smale objects, basins, extrema, or trajectory infrastructure."
"R/gflow_graph_plot.R","R","gflow","high",376,"as_igraph;plot.gflow_graph","Gradient-flow cells, Morse-Smale objects, basins, extrema, or trajectory infrastructure."
"R/gflow_graph.R","R","gflow","high",543,"construct.gflow.graph;print.gflow_graph;print.summary.gflow_graph;summary.gflow_graph","Gradient-flow cells, Morse-Smale objects, basins, extrema, or trajectory infrastructure."
"R/gflow-package.R","R","undecided","low",149,"","Needs manual review."
"R/globals.R","R","shared","medium",19,"","Cross-cutting infrastructure, generated registration, utilities, synthetic/test helpers, or shared numerical support."
"R/gradient_basin_utilities.R","R","gflow","high",981,"extract.cell.trajectory;extract.gradient.trajectory;filter.cells.by.criteria;filter.cells.by.vertex.count;identify.gradient.flow.cells;print.gradient_flow_cells;summary.gradient_flow_cells","Gradient-flow cells, Morse-Smale objects, basins, extrema, or trajectory infrastructure."
"R/graph_edit_distance.R","R","gflow","medium",511,"calculate.edit.distances;create.distance.plot;graph.edit.distance;load.graph.data","Graph, geodesic, geometry, dimensionality, or gradient-flow infrastructure."
"R/graph_embedding.R","R","gflow","medium",329,"graph.embedding;plot2D.colored.graph","Graph, geodesic, geometry, dimensionality, or gradient-flow infrastructure."
"R/graph_endpoint_geometry.R","R","gflow","medium",1068,"compute.graph.endpoint.scores;detect.graph.endpoints","Graph, geodesic, geometry, dimensionality, or gradient-flow infrastructure."
"R/graph_generators.R","R","gflow","medium",1362,"create.bi.kNN.chain.graph;create.bipartite.graph;create.chain.graph;create.complete.graph;create.empty.graph;create.star.graph;generate.circle.graph;generate.star.dataset;join.graphs;nerve.graph;plot.star_object","Graph, geodesic, geometry, dimensionality, or gradient-flow infrastructure."
"R/graph_geodesic_distances.R","R","gflow","medium",145,"graph.geodesic.distances","Graph, geodesic, geometry, dimensionality, or gradient-flow infrastructure."
"R/graph_gradient_flow_basins.R","R","gflow","high",887,"compute.graph.gradient.flow;lmax.basins;lmin.basins;set.boundary","Gradient-flow cells, Morse-Smale objects, basins, extrema, or trajectory infrastructure."
"R/graph_gradient_flow.R","R","gflow","high",1099,"basins.merge;construct.graph.gradient.flow;print.summary.ggflow;replace.basin.label;summary.ggflow","Gradient-flow cells, Morse-Smale objects, basins, extrema, or trajectory infrastructure."
"R/graph_maximal_packing.R","R","gflow","medium",633,"create.maximal.packing;print.maximal_packing;print.packing_validation;validate.maximal.packing;verify.maximal.packing","Graph, geodesic, geometry, dimensionality, or gradient-flow infrastructure."
"R/graph_MS_cx.R","R","gflow","medium",990,"create.lmin.lmax.contingency.table;create.lmin.lmax.label.indicators;create.lmin.lmax.labels;find.longest.true.stretch;graph.constrained.gradient.flow.trajectories;morse.smale.complex.lmin.lmax.summary","Graph, geodesic, geometry, dimensionality, or gradient-flow infrastructure."
"R/graph_shortest_path.R","R","gflow","medium",58,"shortest.path","Graph, geodesic, geometry, dimensionality, or gradient-flow infrastructure."
"R/graph_spectrum.R","R","gflow","medium",343,"graph.low.pass.filter;graph.spectral.embedding;graph.spectrum","Graph, geodesic, geometry, dimensionality, or gradient-flow infrastructure."
"R/graph_summary_divergence.R","R","gflow","medium",714,"compute.graph.summary.pmf;compute.graph.summary.stability;graph.summary.divergence","Graph, geodesic, geometry, dimensionality, or gradient-flow infrastructure."
"R/graph_trend_filtering.R","R","geosmooth","high",900,"fit.graph.trend.filtering;graph.trend.filtering.operator;print.graph.trend.filtering.fit","Conditional-expectation, smoothing, regression, trend-filtering, or fitted-response model."
"R/graph_utils.R","R","gflow","medium",3172,"adjlist.to.igraph;compare.adj.lists;compute.graph.diameter;compute.graph.distance;compute.local.distance.fidelity;convert.adjacency.list.to.adjacency.matrix;convert.adjacency.to.edge.matrix;convert.to.undirected;count.edges;create.pruned.isize.list;create.random.graph;create.subgraph;create.threshold.distance.graph;create.vertex.label.indicators;create.vertex.labels;edge.diff;extract.edge.lengths;extract.trajectory.edge.lengths;generate.graph.gaussian.mixture;geodesic.disk;get.edge.weights;get.sphere.degree.props;get.TN.S1.degree.props;get.torus.degree.props;graph.connected.components;identical.vertex.set.weighted.graph.similarity;rm.self.loops;visualize.grid.function;wgraph.prune.long.edges","Graph, geodesic, geometry, dimensionality, or gradient-flow infrastructure."
"R/graphics.R","R","gflow","medium",2040,"ggraph;itriangle.plot;plot.chain.with.path;plot.ggraph;plot.graphMScx;plot.kh.matrix;plot.model.errors;plot.prediction.errors;plot3D.graph;triangle.plot","Graph, geodesic, geometry, dimensionality, or gradient-flow infrastructure."
"R/grids.R","R","undecided","low",2720,"bbox.hcube.tiling;box.tiling;box.tiling.of.box;create.adaptive.tiled.X.grid.xD;create.final.grid;extract.xy;find.box.containing.x;find.boxes.containing.x;find.points.within.box;hgrid;identify_points_within_box;plot.box.tiling","Needs manual review."
"R/harmonic_extension.R","R","geosmooth","high",383,"as.data.frame.harmonic_extension;compute.harmonic.extension;print.harmonic_extension","Conditional-expectation, smoothing, regression, trend-filtering, or fitted-response model."
"R/harmonic_smoother.R","R","geosmooth","high",760,"get.region.boundary;harmonic.smoother;perform.harmonic.smoothing;plot.harmonic_smoother;print.harmonic_smoother;print.summary.harmonic_smoother;summary.harmonic_smoother","Conditional-expectation, smoothing, regression, trend-filtering, or fitted-response model."
"R/hHN_graphs.R","R","gflow","medium",275,"bbmwd.over.hHN.graphs;create.hHN.graph","Graph, geodesic, geometry, dimensionality, or gradient-flow infrastructure."
"R/hist_utils.R","R","shared","medium",290,"hist1;hist2","Cross-cutting infrastructure, generated registration, utilities, synthetic/test helpers, or shared numerical support."
"R/iknn_graph_response_pipeline.R","R","gflow","medium",618,"iknn.graph.response.pipeline","Graph, geodesic, geometry, dimensionality, or gradient-flow infrastructure."
"R/iknn_graph.R","R","gflow","medium",574,"create.single.iknn.graph;summary.IkNN","Graph, geodesic, geometry, dimensionality, or gradient-flow infrastructure."
"R/iknn_graphs.R","R","gflow","medium",2375,"compute.stability.metrics;create.iknn.graphs;plot.build_iknn_graphs_and_selectk;plot.iknn_stability_metrics;plot.IkNNgraphs;print.build_iknn_graphs_and_selectk;summary.iknn_graphs","Graph, geodesic, geometry, dimensionality, or gradient-flow infrastructure."
"R/intersection_graphs.R","R","gflow","medium",74,"create.intersection.graph","Graph, geodesic, geometry, dimensionality, or gradient-flow infrastructure."
"R/isa_biclustering_utils.R","R","gflowx","medium",432,"","Analysis workflow, association testing, clustering, visualization, microbiome-specific, or experimental application layer."
"R/isometry_deviation.R","R","gflow","medium",355,"isometry.distance.correlations;isometry.distortion.quantiles;isometry.geodesic.diagnostics;isometry.rel.abs.error;isometry.rel.rms.error;isometry.scale;summarize.isometry.deviation","Graph, geodesic, geometry, dimensionality, or gradient-flow infrastructure."
"R/kernel_local_polynomial_cv.R","R","geosmooth","high",602,"kernel.local.polynomial.cv;predict.kernel.local.polynomial.cv;print.kernel.local.polynomial.cv","Conditional-expectation, smoothing, regression, trend-filtering, or fitted-response model."
"R/kernels.R","R","shared","medium",278,"","Cross-cutting infrastructure, generated registration, utilities, synthetic/test helpers, or shared numerical support."
"R/knn_cache_helpers.R","R","shared","medium",35,"","Cross-cutting infrastructure, generated registration, utilities, synthetic/test helpers, or shared numerical support."
"R/knn_metric_helpers.R","R","shared","medium",30,"","Cross-cutting infrastructure, generated registration, utilities, synthetic/test helpers, or shared numerical support."
"R/lcor_with_posterior.R","R","gflowx","medium",550,"lcor.with.posterior;print.lcor.posterior;print.summary.lcor.posterior;summary.lcor.posterior","Analysis workflow, association testing, clustering, visualization, microbiome-specific, or experimental application layer."
"R/lcor.R","R","gflowx","medium",1606,"lcor;lcor.matrix.matrix;lcor.vector.matrix;print.lcor_matrix_matrix_result;print.lcor_vector_matrix_result;summary.lcor_matrix_matrix_result;summary.lcor_vector_matrix_result","Analysis workflow, association testing, clustering, visualization, microbiome-specific, or experimental application layer."
"R/local_extrema.R","R","gflow","high",727,"compute.persistence;detect.local.extrema;plot.local_extrema;print.summary.local_extrema;summary.local_extrema;vertices;vertices.local_extrema","Gradient-flow cells, Morse-Smale objects, basins, extrema, or trajectory infrastructure."
"R/local_geodesic_pruning.R","R","gflow","medium",471,"","Graph, geodesic, geometry, dimensionality, or gradient-flow infrastructure."
"R/local_pca_chart_dim.R","R","shared","medium",365,"","Cross-cutting infrastructure, generated registration, utilities, synthetic/test helpers, or shared numerical support."
"R/lpl_tf.R","R","geosmooth","high",1889,"fit.lpl.tf;lpl.tf.operator;predict.lpl_tf;print.lpl_tf_operator;refit.lpl.tf","Conditional-expectation, smoothing, regression, trend-filtering, or fitted-response model."
"R/lslope_test_paired.R","R","gflowx","medium",906,"coef.lslope.test;lslope.test;plot.lslope.test;print.lslope.test;print.summary.lslope.test;significant.vertices;summary.lslope.test","Analysis workflow, association testing, clustering, visualization, microbiome-specific, or experimental application layer."
"R/lslope.R","R","gflowx","medium",1158,"lslope.neighborhood;print.lslope_gradient_result;print.lslope_matrix_matrix_result;print.lslope_neighborhood_result;print.lslope_vector_matrix_result;summary.lslope_matrix_matrix_result;summary.lslope_vector_matrix_result","Analysis workflow, association testing, clustering, visualization, microbiome-specific, or experimental application layer."
"R/madag.R","R","undecided","low",576,"construct.madag;identify.bottlenecks;print.madag;summary.madag","Needs manual review."
"R/major_arms.R","R","undecided","low",149,"detect.major.arms","Needs manual review."
"R/malo_runtime_helpers.R","R","gflowx","high",31,"","Older or experimental conditional-expectation method family; candidate for GitHub-only archive unless still central."
"R/malps.R","R","geosmooth","high",2981,"bootstrap.malps;fit.malps;malps.gcv;malps.smoother.matrix;predict.malps;print.malps;print.malps_bootstrap;refit.malps","Conditional-expectation, smoothing, regression, trend-filtering, or fitted-response model."
"R/mean_shift_smoother.R","R","geosmooth","high",675,"adaptive_mean_shift_gfa;knn_adaptive_mean_shift_gfa;meanshift.data.smoother;plot.MSD","Conditional-expectation, smoothing, regression, trend-filtering, or fitted-response model."
"R/merge_clustered_basins.R","R","gflowx","medium",575,"merge.clustered.basins","Analysis workflow, association testing, clustering, visualization, microbiome-specific, or experimental application layer."
"R/merge_two_extrema.R","R","gflow","high",557,"merge.two.basins;merge.two.extrema","Gradient-flow cells, Morse-Smale objects, basins, extrema, or trajectory infrastructure."
"R/metric_graph_lowpass.R","R","geosmooth","high",692,"fit.metric.graph.lowpass;metric.graph.lowpass.operator;print.metric.graph.lowpass.fit;print.metric.graph.lowpass.refit;refit.metric.graph.lowpass","Conditional-expectation, smoothing, regression, trend-filtering, or fitted-response model."
"R/mknn_graphs.R","R","gflow","medium",870,"create.mknn.graph;create.mknn.graphs;print.mknn_graph;print.mknn_graphs;summary.mknn_graphs","Graph, geodesic, geometry, dimensionality, or gradient-flow infrastructure."
"R/mst_completion_graphs.R","R","gflow","medium",561,"create.cmst.graph;print.mst_completion_graph;print.summary.mst_completion_graph;summary.mst_completion_graph","Graph, geodesic, geometry, dimensionality, or gradient-flow infrastructure."
"R/mstree.R","R","gflow","medium",56,"","Graph, geodesic, geometry, dimensionality, or gradient-flow infrastructure."
"R/nerve_cx.R","R","gflow","medium",290,"print.nerve_complex","Graph, geodesic, geometry, dimensionality, or gradient-flow infrastructure."
"R/outlier_detection.R","R","gflowx","medium",450,"print.knn.outliers;print.summary.knn.outliers;remove.knn.outliers;summary.knn.outliers","Analysis workflow, association testing, clustering, visualization, microbiome-specific, or experimental application layer."
"R/parameterize_circular_graph.R","R","gflow","medium",341,"parameterize.circular.graph;plot.circular_parameterization;print.circular_parameterization","Graph, geodesic, geometry, dimensionality, or gradient-flow infrastructure."
"R/partition_graph.R","R","gflow","medium",160,"partition.graph","Graph, geodesic, geometry, dimensionality, or gradient-flow infrastructure."
"R/partition_heatmap.R","R","undecided","low",365,"partition.cell.heatmaps;partition.heatmap","Needs manual review."
"R/path_graphs.R","R","gflow","medium",868,"compare.paths;create.path.graph;create.path.graph.series;create.plm.graph;get.shortest.path;minh.limit;print.path.graph;print.path.graph.plm;print.path.graph.series;summary.path.graph;summary.path.graph.series","Graph, geodesic, geometry, dimensionality, or gradient-flow infrastructure."
"R/permutation_test_lcor.R","R","gflowx","medium",226,"permutation.test.lcor","Analysis workflow, association testing, clustering, visualization, microbiome-specific, or experimental application layer."
"R/permutation_test_rdgraph.R","R","gflowx","medium",695,"perm.test.audit;permutation.test.rdgraph","Analysis workflow, association testing, clustering, visualization, microbiome-specific, or experimental application layer."
"R/pextrema.R","R","gflow","high",374,"maxp;minp","Gradient-flow cells, Morse-Smale objects, basins, extrema, or trajectory infrastructure."
"R/phate_core.R","R","gflow","medium",1269,"phate;phate.core;phate.embed","Graph, geodesic, geometry, dimensionality, or gradient-flow infrastructure."
"R/plot_feature_distance_diagnostics.R","R","undecided","low",1071,"make.spt.diagnostics.pdf;plot.abundance.distance.diagnostics;plot.presence.distance.diagnostics;plot.quantile.bin.diagnostics","Needs manual review."
"R/plot_graph_component.R","R","gflow","medium",206,"plot.component;plot.components.multi","Graph, geodesic, geometry, dimensionality, or gradient-flow infrastructure."
"R/plot_trajectory_hurdle_association.R","R","gflowx","medium",961,"plot.trajectory.hurdle.association","Analysis workflow, association testing, clustering, visualization, microbiome-specific, or experimental application layer."
"R/plot_utils.R","R","shared","medium",3641,"add.grad.ED.arrows;bin.segments3d;circle.plot;cont.segments3d;draw.3d.line;draw.axes;draw.dashed.line3d;hor.error.bar;label.end.pts;mae.plot;map.S.to.X;path.fn;plot2D.cltr.profiles;plot2D.cont;plot2D.node.level.props;plot2D.tree;plot3D.cl;plot3D.cltrs;plot3D.cltrs.html;plot3D.cltrs.widget;plot3D.cont.html;plot3D.cont.widget;plot3D.diskEmbdg;plot3D.geodesic;plot3D.path;plot3D.plain.html;plot3D.plain.widget;plot3D.tree;plotlcor.1D;quantize.for.legend;show.3d.cl;show.cltrs;vert.error.bar","Cross-cutting infrastructure, generated registration, utilities, synthetic/test helpers, or shared numerical support."
"R/potential_metric_graph.R","R","gflow","medium",1318,"construct.potential.metric.graph;construct.potential.metric.graph.from.phate","Graph, geodesic, geometry, dimensionality, or gradient-flow infrastructure."
"R/preprocess_matrix.R","R","undecided","low",558,"floor_mass;normal.scores.vec;preprocess.matrix.asinh;preprocess.matrix.logshift;preprocess.matrix.normscores;robust.zscore.vec;winsorize.vec","Needs manual review."
"R/preprocess_metabolon_twoplane.R","R","gflowx","medium",931,"plot.knn.edit.curve;plot.metabolon_twoplane;preprocess.metabolon.twoplane;robust.zscore.vec;winsorize.vec","Analysis workflow, association testing, clustering, visualization, microbiome-specific, or experimental application layer."
"R/pttf_fit.R","R","geosmooth","high",579,"fit.pttf.trend.filtering;print.pttf.trend.filtering.fit","Conditional-expectation, smoothing, regression, trend-filtering, or fitted-response model."
"R/pttf_geometry.R","R","geosmooth","high",844,"pttf.geometry","Conditional-expectation, smoothing, regression, trend-filtering, or fitted-response model."
"R/pttf_operator.R","R","geosmooth","high",817,"print.pttf_operator;pttf.operator;pttf.operator.filter.rows","Conditional-expectation, smoothing, regression, trend-filtering, or fitted-response model."
"R/pvalue_utils.R","R","shared","medium",293,"print.weighted.p.summary;weighted.p.value;weighted.p.value.summary","Cross-cutting infrastructure, generated registration, utilities, synthetic/test helpers, or shared numerical support."
"R/quadform_geodesics.R","R","gflow","medium",2763,"quadform.delaunay.geodesic.distances;quadform.edge.length;quadform.edge.lengths;quadform.embed;quadform.experimental.local.reference.geodesics;quadform.gradient;quadform.grid.geodesic.calibration;quadform.grid.geodesic.distances;quadform.metric;quadform.reference.geodesics;quadform.sample.dataset","Graph, geodesic, geometry, dimensionality, or gradient-flow infrastructure."
"R/radius_graphs.R","R","gflow","medium",841,"create.adaptive.radius.graph;create.cknn.graph;create.radius.graph;create.rknn.graph;print.adaptive_radius_graph;print.cknn_graph;print.radius_graph","Graph, geodesic, geometry, dimensionality, or gradient-flow infrastructure."
"R/random_sampling.R","R","shared","medium",450,"dlaplace;plaplace;qlaplace;rlaplace;runif.sphere;runif.torus;sample.from.empirical.distribution","Cross-cutting infrastructure, generated registration, utilities, synthetic/test helpers, or shared numerical support."
"R/RcppExports.R","R","shared","medium",127,"","Cross-cutting infrastructure, generated registration, utilities, synthetic/test helpers, or shared numerical support."
"R/refit_rdgraph_regression.R","R","geosmooth","high",1115,"print.knn.riem.refit;print.summary.knn.riem.refit;refit.rdgraph.regression;summary.knn.riem.refit","Conditional-expectation, smoothing, regression, trend-filtering, or fitted-response model."
"R/riem_dcx_regression.R","R","geosmooth","high",2304,"compute.pextrema.nbhds;fit.rdgraph.regression;fitted.knn.riem.fit;print.summary.knn.riem.fit;residuals.knn.riem.fit;summary.knn.riem.fit","Conditional-expectation, smoothing, regression, trend-filtering, or fitted-response model."
"R/row_wise_operations.R","R","shared","medium",270,"","Cross-cutting infrastructure, generated registration, utilities, synthetic/test helpers, or shared numerical support."
"R/scan_resolution.R","R","undecided","low",393,"scan.resolution","Needs manual review."
"R/scan_stability.R","R","undecided","low",652,"scan.stability","Needs manual review."
"R/se_tree.R","R","undecided","low",164,"build.se.tree;print.se_tree","Needs manual review."
"R/select_phylotypes_for_assoc.R","R","gflowx","medium",393,"print.phylotype_selection","Analysis workflow, association testing, clustering, visualization, microbiome-specific, or experimental application layer."
"R/select_pts.R","R","undecided","low",1202,"select3D.points;select3D.points.html;select3D.points.plotly;select3D.points.profiles;show.profile","Needs manual review."
"R/sknn_graphs.R","R","gflow","medium",475,"create.sknn.graph;print.sknn_graph","Graph, geodesic, geometry, dimensionality, or gradient-flow infrastructure."
"R/slpl_tf.R","R","geosmooth","high",1356,"fit.slpl.tf;predict.slpl_tf;print.slpl_tf_operator;refit.slpl.tf;slpl.tf.operator","Conditional-expectation, smoothing, regression, trend-filtering, or fitted-response model."
"R/spline_replacements.R","R","shared","medium",666,"gflow.smooth.spline","Cross-cutting infrastructure, generated registration, utilities, synthetic/test helpers, or shared numerical support."
"R/ssrhe_hessian_energy.R","R","geosmooth","high",3586,"fit.ssrhe.hessian.l1.regression;fit.ssrhe.hessian.regression;fit.ssrhe.hessian.regression.cv;fit.ssrhe.hessian.regression.gcv;print.ssrhe.hessian.cv.fit;print.ssrhe.hessian.fit;print.ssrhe.hessian.gcv.fit;print.ssrhe.hessian.l1.fit;print.ssrhe.hessian.operator;print.ssrhe.hessian.refit;refit.ssrhe.hessian.l1.regression;refit.ssrhe.hessian.regression;ssrhe.hessian.operator;ssrhe.support.grid","Conditional-expectation, smoothing, regression, trend-filtering, or fitted-response model."
"R/stats_utils.R","R","shared","medium",4126,"analyze.hierarchical.differences;angle.3D;apply.ceiling;apply.floor;bayes.factors.symbols;boa.overlap;break.composition.ties;centroid.shift;compute.bayesian.effects;compute.mad.threshold;compute.pairwise.bayes.factors;compute.tukey.threshold;cross.prod;derivative.second.order.method;disk.to.sphere;ecdf.cpp;find.elbow.threshold;find.inflection.pts;find.local.minima;gaussian.second.derivative;jaccard.index;knn.weighted.mean;matrix.format;minmax.normalize;normalize.and.inv.logit;overlap.coefficient;pca.variance.analysis;pearson.wcor;prepare.binary.cond.exp;prepare.continuous.outcome;prepare.for.extrema.detection;project.onto.subspace;radial.Lp.transform;Rdensity.distance;restric.to.Linf.unit.sphere;right.winsorize;rm.SS.outliers;robust.log.transform;robust.transform;robust.z.normalize;robust.zscore;scaled.log.tan;shifted.tan;spectral.features;thresholded.sigmoid;winsorize;winsorize.zscore","Cross-cutting infrastructure, generated registration, utilities, synthetic/test helpers, or shared numerical support."
"R/subject_neighborhood_stats.R","R","undecided","low",582,"subject.neighborhood.stats","Needs manual review."
"R/synthetic_data_utils.R","R","shared","medium",3935,"bump.fn;circular.synthetic.mixture.of.gaussians;create.gaussian.mixture;generate.1d.circular.gaussian.mixture;generate.1d.gaussian.mixture;generate.binary.sample.from.gaussian.mixture;generate.circle.data;generate.noisy.circle.embedding;generate.partition;generate.synthetic.function.higher.dim;get.gaussian.mixture;get.gaussian.mixture.2d;ggaussian;left.asymmetric.bump.fn;normalize.and.inv.logit.fn;partition.of.unity.1D;plot.gaussian_mixture;plot.gaussian_mixture_data;plot3D.gaussian_mixture;print.gaussian_mixture;print.summary.gaussian_mixture;qexp.gaussian;remove.close.neighbors;right.asymmetric.bump.fn;skewed.gaussian;summary.gaussian_mixture;synthetic.1D.spline;synthetic.mixture.of.gaussians;synthetic.xD.spline","Cross-cutting infrastructure, generated registration, utilities, synthetic/test helpers, or shared numerical support."
"R/test_disk_feature_distance_association_spt.R","R","gflowx","medium",881,"","Analysis workflow, association testing, clustering, visualization, microbiome-specific, or experimental application layer."
"R/test_disk_feature_distance_association.R","R","gflowx","medium",409,"","Analysis workflow, association testing, clustering, visualization, microbiome-specific, or experimental application layer."
"R/trajectory_clustering.R","R","gflowx","medium",172,"","Analysis workflow, association testing, clustering, visualization, microbiome-specific, or experimental application layer."
"R/trajectory_distances.R","R","gflow","high",814,"frechet.distance.discrete.cost;graph.metric.precompute;hausdorff.distance.cost;lcss.eps.auto.graph;lcss.eps.auto.matchrate.graph;lcss.length.cost;point.dist.matrix;traj.frechet.distance.graph;traj.lcss.distance.graph;traj.local.cost.graph;traj.points;trajectory.dist","Gradient-flow cells, Morse-Smale objects, basins, extrema, or trajectory infrastructure."
"R/trajectory_graph_clustering.R","R","gflowx","medium",388,"trajectory.cluster.vertices","Analysis workflow, association testing, clustering, visualization, microbiome-specific, or experimental application layer."
"R/transported_graph_hessian.R","R","gflow","medium",3639,"print.transported.graph.hessian.operator;transported.graph.hessian.operator","Graph, geodesic, geometry, dimensionality, or gradient-flow infrastructure."
"R/tube_lens_corridor.R","R","undecided","low",117,"compute.tube.lens.corridor","Needs manual review."
"R/two_factor_analysis.R","R","gflowx","medium",1261,"analyze.categorical.proportions;analyze.weighted.cst;create.latex.table;summarize.and.test.cst;two.factor.analysis","Analysis workflow, association testing, clustering, visualization, microbiome-specific, or experimental application layer."
"R/ulogit.R","R","geosmooth","high",550,"eigen.ulogit;predict.eigen.ulogit;print.eigen.ulogit;print.ulogit;ulogit","Conditional-expectation, smoothing, regression, trend-filtering, or fitted-response model."
"R/uniform_grid_graph.R","R","gflow","medium",223,"create.grid.graph","Graph, geodesic, geometry, dimensionality, or gradient-flow infrastructure."
"R/utils.R","R","shared","medium",199,"elapsed.time;map.values.to.palette;signif_df","Cross-cutting infrastructure, generated registration, utilities, synthetic/test helpers, or shared numerical support."
"R/vars_concordance_along_edges.R","R","gflowx","medium",1121,"plot.concordance.test;print.concordance.test","Analysis workflow, association testing, clustering, visualization, microbiome-specific, or experimental application layer."
"R/vertex_density.R","R","undecided","low",157,"compute.smoothed.density;compute.vertex.density","Needs manual review."
"R/visualize_mgcp_cluster_single.R","R","gflowx","medium",604,"compare.mgcp.clusters;export.mgcp.cluster;visualize.mgcp.cluster","Analysis workflow, association testing, clustering, visualization, microbiome-specific, or experimental application layer."
"R/visualize_mgcp_clusters.R","R","gflowx","medium",328,"visualize.mgcp.clusters","Analysis workflow, association testing, clustering, visualization, microbiome-specific, or experimental application layer."
"R/wasserstein_dist.R","R","gflowx","medium",416,"wasserstein.distance.1D;wasserstein1d.test","Analysis workflow, association testing, clustering, visualization, microbiome-specific, or experimental application layer."
"R/zzz.R","R","undecided","low",62,"","Needs manual review."
"src/1D_linear_models.cpp","src","undecided","low",1128,"","Needs manual review."
"src/adaptive_grid_paths.cpp","src","gflowx","high",220,"","Older or experimental conditional-expectation method family; candidate for GitHub-only archive unless still central."
"src/adaptive_local_logistic.cpp","src","undecided","low",181,"","Needs manual review."
"src/adaptive_radius_graph_ann.cpp","src","gflow","medium",272,"","Graph, geodesic, geometry, dimensionality, or gradient-flow infrastructure."
"src/agemalo_utils.cpp","src","gflowx","high",767,"","Older or experimental conditional-expectation method family; candidate for GitHub-only archive unless still central."
"src/agemalo.cpp","src","gflowx","high",766,"","Older or experimental conditional-expectation method family; candidate for GitHub-only archive unless still central."
"src/angular_wasserstein_index.cpp","src","gflowx","medium",217,"","Analysis workflow, association testing, clustering, visualization, microbiome-specific, or experimental application layer."
"src/bandwidth_utils.cpp","src","shared","medium",81,"","Cross-cutting infrastructure, generated registration, utilities, synthetic/test helpers, or shared numerical support."
"src/basin_cx.cpp","src","gflow","high",694,"","Gradient-flow cells, Morse-Smale objects, basins, extrema, or trajectory infrastructure."
"src/basin_summary_r.cpp","src","gflow","high",539,"","Gradient-flow cells, Morse-Smale objects, basins, extrema, or trajectory infrastructure."
"src/basin_summary_r.h","src","gflow","high",34,"","Gradient-flow cells, Morse-Smale objects, basins, extrema, or trajectory infrastructure."
"src/bidirectional_dijkstra.cpp","src","gflow","medium",190,"","Graph, geodesic, geometry, dimensionality, or gradient-flow infrastructure."
"src/c_random_sampling.c","src","shared","medium",96,"","Cross-cutting infrastructure, generated registration, utilities, synthetic/test helpers, or shared numerical support."
"src/c_utils.c","src","shared","medium",284,"","Cross-cutting infrastructure, generated registration, utilities, synthetic/test helpers, or shared numerical support."
"src/centered_paths.cpp","src","undecided","low",2703,"","Needs manual review."
"src/compute_geodesic_basin.cpp","src","gflow","high",673,"","Gradient-flow cells, Morse-Smale objects, basins, extrema, or trajectory infrastructure."
"src/cpp_io_utils.cpp","src","shared","medium",54,"","Cross-cutting infrastructure, generated registration, utilities, synthetic/test helpers, or shared numerical support."
"src/cpp_mstrees.cpp","src","gflow","medium",227,"","Graph, geodesic, geometry, dimensionality, or gradient-flow infrastructure."
"src/cpp_stats_utils.cpp","src","shared","medium",470,"","Cross-cutting infrastructure, generated registration, utilities, synthetic/test helpers, or shared numerical support."
"src/cpp_utils.cpp","src","shared","medium",42,"","Cross-cutting infrastructure, generated registration, utilities, synthetic/test helpers, or shared numerical support."
"src/density.cpp","src","undecided","low",555,"","Needs manual review."
"src/diffusion_pseudotime_sparse_r.cpp","src","gflow","medium",490,"","Graph, geodesic, geometry, dimensionality, or gradient-flow infrastructure."
"src/Eigen_utils.cpp","src","shared","medium",92,"","Cross-cutting infrastructure, generated registration, utilities, synthetic/test helpers, or shared numerical support."
"src/fn_graphs_r.cpp","src","gflow","medium",243,"","Graph, geodesic, geometry, dimensionality, or gradient-flow infrastructure."
"src/fn_graphs.cpp","src","gflow","medium",269,"","Graph, geodesic, geometry, dimensionality, or gradient-flow infrastructure."
"src/fns_over_graphs_utils.cpp","src","gflow","medium",850,"","Graph, geodesic, geometry, dimensionality, or gradient-flow infrastructure."
"src/geodesic_iknn_graphs.cpp","src","gflow","medium",348,"","Graph, geodesic, geometry, dimensionality, or gradient-flow infrastructure."
"src/geodesic_stats_r.cpp","src","gflow","medium",527,"","Graph, geodesic, geometry, dimensionality, or gradient-flow infrastructure."
"src/geodesic_stats.cpp","src","gflow","medium",309,"","Graph, geodesic, geometry, dimensionality, or gradient-flow infrastructure."
"src/geometric_edge_pruning.cpp","src","gflow","medium",412,"","Graph, geodesic, geometry, dimensionality, or gradient-flow infrastructure."
"src/gfassoc_membership.cpp","src","gflowx","medium",376,"","Analysis workflow, association testing, clustering, visualization, microbiome-specific, or experimental application layer."
"src/gfassoc_polarity.cpp","src","gflowx","medium",531,"","Analysis workflow, association testing, clustering, visualization, microbiome-specific, or experimental application layer."
"src/gfassoc_r.cpp","src","gflowx","medium",972,"","Analysis workflow, association testing, clustering, visualization, microbiome-specific, or experimental application layer."
"src/gfc_basins_r.cpp","src","gflow","high",150,"","Gradient-flow cells, Morse-Smale objects, basins, extrema, or trajectory infrastructure."
"src/gfc_basins.cpp","src","gflow","high",390,"","Gradient-flow cells, Morse-Smale objects, basins, extrema, or trajectory infrastructure."
"src/gfc_flow_r.cpp","src","gflow","high",1090,"","Gradient-flow cells, Morse-Smale objects, basins, extrema, or trajectory infrastructure."
"src/gfc_flow.cpp","src","gflow","high",1687,"","Gradient-flow cells, Morse-Smale objects, basins, extrema, or trajectory infrastructure."
"src/gfc_trajectory_joining.cpp","src","gflow","high",636,"","Gradient-flow cells, Morse-Smale objects, basins, extrema, or trajectory infrastructure."
"src/gfc.cpp","src","gflow","high",1190,"","Gradient-flow cells, Morse-Smale objects, basins, extrema, or trajectory infrastructure."
"src/gflow_basins_r.cpp","src","gflow","high",750,"","Gradient-flow cells, Morse-Smale objects, basins, extrema, or trajectory infrastructure."
"src/gflow_basins.cpp","src","gflow","high",1329,"","Gradient-flow cells, Morse-Smale objects, basins, extrema, or trajectory infrastructure."
"src/gflow_cx_r.cpp","src","gflow","high",807,"","Gradient-flow cells, Morse-Smale objects, basins, extrema, or trajectory infrastructure."
"src/gflow_cx.cpp","src","gflow","high",752,"","Gradient-flow cells, Morse-Smale objects, basins, extrema, or trajectory infrastructure."
"src/graph_bw_adaptive_spectral_smoother.cpp","src","geosmooth","high",235,"","Conditional-expectation, smoothing, regression, trend-filtering, or fitted-response model."
"src/graph_conn_components.cpp","src","gflow","medium",190,"","Graph, geodesic, geometry, dimensionality, or gradient-flow infrastructure."
"src/graph_core_endpoints_r.h","src","gflow","medium",37,"","Graph, geodesic, geometry, dimensionality, or gradient-flow infrastructure."
"src/graph_core_endpoints.cpp","src","gflow","medium",1040,"","Graph, geodesic, geometry, dimensionality, or gradient-flow infrastructure."
"src/graph_cv_imputation.cpp","src","gflow","medium",904,"","Graph, geodesic, geometry, dimensionality, or gradient-flow infrastructure."
"src/graph_cycles.cpp","src","gflow","medium",302,"","Graph, geodesic, geometry, dimensionality, or gradient-flow infrastructure."
"src/graph_deg0_lowess_buffer_cv.cpp","src","geosmooth","high",1041,"","Conditional-expectation, smoothing, regression, trend-filtering, or fitted-response model."
"src/graph_deg0_lowess_cv_mat.cpp","src","geosmooth","high",438,"","Conditional-expectation, smoothing, regression, trend-filtering, or fitted-response model."
"src/graph_deg0_lowess_cv.cpp","src","geosmooth","high",579,"","Conditional-expectation, smoothing, regression, trend-filtering, or fitted-response model."
"src/graph_deg0_lowess.cpp","src","geosmooth","high",192,"","Conditional-expectation, smoothing, regression, trend-filtering, or fitted-response model."
"src/graph_edit_distance.cpp","src","gflow","medium",296,"","Graph, geodesic, geometry, dimensionality, or gradient-flow infrastructure."
"src/graph_endpoint_geometry_rcpp.cpp","src","gflow","medium",642,"","Graph, geodesic, geometry, dimensionality, or gradient-flow infrastructure."
"src/graph_gradient_flow.cpp","src","gflow","high",1698,"","Gradient-flow cells, Morse-Smale objects, basins, extrema, or trajectory infrastructure."
"src/graph_kernel_smoother_rcpp.cpp","src","geosmooth","high",95,"","Conditional-expectation, smoothing, regression, trend-filtering, or fitted-response model."
"src/graph_kernel_smoother.cpp","src","geosmooth","high",771,"","Conditional-expectation, smoothing, regression, trend-filtering, or fitted-response model."
"src/graph_kmad.cpp","src","gflow","medium",349,"","Graph, geodesic, geometry, dimensionality, or gradient-flow infrastructure."
"src/graph_kmean.cpp","src","gflow","medium",1831,"","Graph, geodesic, geometry, dimensionality, or gradient-flow infrastructure."
"src/graph_laplacian_eigenvectors.cpp","src","gflow","medium",1937,"","Graph, geodesic, geometry, dimensionality, or gradient-flow infrastructure."
"src/graph_laplacian_fourier.cpp","src","gflow","medium",119,"","Graph, geodesic, geometry, dimensionality, or gradient-flow infrastructure."
"src/graph_maximal_packing_r.cpp","src","gflow","medium",169,"","Graph, geodesic, geometry, dimensionality, or gradient-flow infrastructure."
"src/graph_maximal_packing.cpp","src","gflow","medium",844,"","Graph, geodesic, geometry, dimensionality, or gradient-flow infrastructure."
"src/graph_MS_cx.cpp","src","gflow","medium",1819,"","Graph, geodesic, geometry, dimensionality, or gradient-flow infrastructure."
"src/graph_shortest_path.cpp","src","gflow","medium",548,"","Graph, geodesic, geometry, dimensionality, or gradient-flow infrastructure."
"src/graph_spectral_filter.cpp","src","gflow","medium",539,"","Graph, geodesic, geometry, dimensionality, or gradient-flow infrastructure."
"src/graph_spectral_lowess_utils.cpp","src","geosmooth","high",136,"","Conditional-expectation, smoothing, regression, trend-filtering, or fitted-response model."
"src/graph_spectral_lowess.cpp","src","geosmooth","high",540,"","Conditional-expectation, smoothing, regression, trend-filtering, or fitted-response model."
"src/graph_spectral_ma_lowess.cpp","src","geosmooth","high",497,"","Conditional-expectation, smoothing, regression, trend-filtering, or fitted-response model."
"src/graph_spectrum.cpp","src","gflow","medium",302,"","Graph, geodesic, geometry, dimensionality, or gradient-flow infrastructure."
"src/graph_utils.cpp","src","gflow","medium",670,"","Graph, geodesic, geometry, dimensionality, or gradient-flow infrastructure."
"src/grids.c","src","undecided","low",370,"","Needs manual review."
"src/harmonic_extender.cpp","src","undecided","low",1233,"","Needs manual review."
"src/harmonic_extension_r.cpp","src","geosmooth","high",249,"","Conditional-expectation, smoothing, regression, trend-filtering, or fitted-response model."
"src/harmonic_extension.cpp","src","geosmooth","high",561,"","Conditional-expectation, smoothing, regression, trend-filtering, or fitted-response model."
"src/harmonic_smoother_r.cpp","src","geosmooth","high",378,"","Conditional-expectation, smoothing, regression, trend-filtering, or fitted-response model."
"src/harmonic_smoother.cpp","src","geosmooth","high",758,"","Conditional-expectation, smoothing, regression, trend-filtering, or fitted-response model."
"src/hHN_graphs.cpp","src","gflow","medium",376,"","Graph, geodesic, geometry, dimensionality, or gradient-flow infrastructure."
"src/iknn_graphs.cpp","src","gflow","medium",3412,"","Graph, geodesic, geometry, dimensionality, or gradient-flow infrastructure."
"src/init.c","src","shared","medium",395,"","Cross-cutting infrastructure, generated registration, utilities, synthetic/test helpers, or shared numerical support."
"src/io_utils.c","src","shared","medium",420,"","Cross-cutting infrastructure, generated registration, utilities, synthetic/test helpers, or shared numerical support."
"src/io_utils.h","src","shared","medium",29,"","Cross-cutting infrastructure, generated registration, utilities, synthetic/test helpers, or shared numerical support."
"src/kernel_local_polynomial_cv_rcpp.cpp","src","geosmooth","high",418,"","Conditional-expectation, smoothing, regression, trend-filtering, or fitted-response model."
"src/kernel_utils.cpp","src","shared","medium",79,"","Cross-cutting infrastructure, generated registration, utilities, synthetic/test helpers, or shared numerical support."
"src/kernels.c","src","shared","medium",452,"","Cross-cutting infrastructure, generated registration, utilities, synthetic/test helpers, or shared numerical support."
"src/klaps_low_pass_smoother.cpp","src","gflowx","high",542,"","Older or experimental conditional-expectation method family; candidate for GitHub-only archive unless still central."
"src/kNN_eigen.cpp","src","undecided","low",349,"","Needs manual review."
"src/kNN.cpp","src","undecided","low",131,"","Needs manual review."
"src/laplacian_bundle.cpp","src","undecided","low",352,"","Needs manual review."
"src/lcor_posterior_r.cpp","src","gflowx","medium",562,"","Analysis workflow, association testing, clustering, visualization, microbiome-specific, or experimental application layer."
"src/lcor_r.cpp","src","gflowx","medium",829,"","Analysis workflow, association testing, clustering, visualization, microbiome-specific, or experimental application layer."
"src/lcor.cpp","src","gflowx","medium",1286,"","Analysis workflow, association testing, clustering, visualization, microbiome-specific, or experimental application layer."
"src/linf_simplex_knn_r.h","src","undecided","low",16,"","Needs manual review."
"src/linf_simplex_knn.cpp","src","undecided","low",420,"","Needs manual review."
"src/linf_simplex_knn.hpp","src","undecided","low",10,"","Needs manual review."
"src/lm.c","src","undecided","low",479,"","Needs manual review."
"src/local_complexity.cpp","src","undecided","low",934,"","Needs manual review."
"src/local_extrema_r.cpp","src","gflow","high",146,"","Gradient-flow cells, Morse-Smale objects, basins, extrema, or trajectory infrastructure."
"src/local_geodesic_pruning_r.h","src","gflow","medium",27,"","Graph, geodesic, geometry, dimensionality, or gradient-flow infrastructure."
"src/local_geodesic_pruning.cpp","src","gflow","medium",726,"","Graph, geodesic, geometry, dimensionality, or gradient-flow infrastructure."
"src/local_pca_charts_rcpp.cpp","src","shared","medium",101,"","Cross-cutting infrastructure, generated registration, utilities, synthetic/test helpers, or shared numerical support."
"src/local_pca_charts.cpp","src","shared","medium",130,"","Cross-cutting infrastructure, generated registration, utilities, synthetic/test helpers, or shared numerical support."
"src/local_pca_charts.hpp","src","shared","medium",33,"","Cross-cutting infrastructure, generated registration, utilities, synthetic/test helpers, or shared numerical support."
"src/lslope_r.cpp","src","gflowx","medium",565,"","Analysis workflow, association testing, clustering, visualization, microbiome-specific, or experimental application layer."
"src/lslope_vector_matrix_r.cpp","src","gflowx","medium",253,"","Analysis workflow, association testing, clustering, visualization, microbiome-specific, or experimental application layer."
"src/lslope_vector_matrix.cpp","src","gflowx","medium",357,"","Analysis workflow, association testing, clustering, visualization, microbiome-specific, or experimental application layer."
"src/lslope.cpp","src","gflowx","medium",531,"","Analysis workflow, association testing, clustering, visualization, microbiome-specific, or experimental application layer."
"src/madag_r.cpp","src","undecided","low",641,"","Needs manual review."
"src/madag.cpp","src","undecided","low",700,"","Needs manual review."
"src/Makevars.local","src","shared","medium",2,"","Cross-cutting infrastructure, generated registration, utilities, synthetic/test helpers, or shared numerical support."
"src/Makevars.win","src","shared","medium",51,"","Cross-cutting infrastructure, generated registration, utilities, synthetic/test helpers, or shared numerical support."
"src/Makevars.win.local","src","shared","medium",2,"","Cross-cutting infrastructure, generated registration, utilities, synthetic/test helpers, or shared numerical support."
"src/mean_shift_smoother_rcpp.cpp","src","geosmooth","high",145,"","Conditional-expectation, smoothing, regression, trend-filtering, or fitted-response model."
"src/mean_shift_smoother.cpp","src","geosmooth","high",1958,"","Conditional-expectation, smoothing, regression, trend-filtering, or fitted-response model."
"src/memory_utils.cpp","src","shared","medium",61,"","Cross-cutting infrastructure, generated registration, utilities, synthetic/test helpers, or shared numerical support."
"src/metric_graph_lowpass_r.h","src","geosmooth","high",46,"","Conditional-expectation, smoothing, regression, trend-filtering, or fitted-response model."
"src/metric_graph_lowpass.cpp","src","geosmooth","high",710,"","Conditional-expectation, smoothing, regression, trend-filtering, or fitted-response model."
"src/mknn_graphs.cpp","src","gflow","medium",608,"","Graph, geodesic, geometry, dimensionality, or gradient-flow infrastructure."
"src/mlm.cpp","src","undecided","low",437,"","Needs manual review."
"src/monotonic_reachability_r.cpp","src","undecided","low",224,"","Needs manual review."
"src/monotonic_reachability.cpp","src","undecided","low",561,"","Needs manual review."
"src/mst_completion_graphs_r.cpp","src","gflow","medium",234,"","Graph, geodesic, geometry, dimensionality, or gradient-flow infrastructure."
"src/mst_completion_graphs.cpp","src","gflow","medium",192,"","Graph, geodesic, geometry, dimensionality, or gradient-flow infrastructure."
"src/mstree_total_length.cpp","src","gflow","medium",106,"","Graph, geodesic, geometry, dimensionality, or gradient-flow infrastructure."
"src/mstree.c","src","gflow","medium",110,"","Graph, geodesic, geometry, dimensionality, or gradient-flow infrastructure."
"src/nerve_cx_r.cpp","src","gflow","medium",299,"","Graph, geodesic, geometry, dimensionality, or gradient-flow infrastructure."
"src/nerve_cx_spectral_filter.cpp","src","gflow","medium",1223,"","Graph, geodesic, geometry, dimensionality, or gradient-flow infrastructure."
"src/nerve_cx.cpp","src","gflow","medium",581,"","Graph, geodesic, geometry, dimensionality, or gradient-flow infrastructure."
"src/openmp_diag.cpp","src","undecided","low",33,"","Needs manual review."
"src/openmp_required.cpp","src","undecided","low",5,"","Needs manual review."
"src/ortho_ulogit.cpp","src","geosmooth","high",305,"","Conditional-expectation, smoothing, regression, trend-filtering, or fitted-response model."
"src/parameterize_circular_graph_r.cpp","src","gflow","medium",103,"","Graph, geodesic, geometry, dimensionality, or gradient-flow infrastructure."
"src/parameterize_circular_graph.cpp","src","gflow","medium",167,"","Graph, geodesic, geometry, dimensionality, or gradient-flow infrastructure."
"src/partition_graph_r.cpp","src","gflow","medium",78,"","Graph, geodesic, geometry, dimensionality, or gradient-flow infrastructure."
"src/partition_graph.cpp","src","gflow","medium",132,"","Graph, geodesic, geometry, dimensionality, or gradient-flow infrastructure."
"src/path_graphs.cpp","src","gflow","medium",1156,"","Graph, geodesic, geometry, dimensionality, or gradient-flow infrastructure."
"src/pgmalo_bb.cpp","src","gflowx","high",1003,"","Older or experimental conditional-expectation method family; candidate for GitHub-only archive unless still central."
"src/pgmalo_cv.cpp","src","gflowx","high",749,"","Older or experimental conditional-expectation method family; candidate for GitHub-only archive unless still central."
"src/pgmalo.cpp","src","gflowx","high",1408,"","Older or experimental conditional-expectation method family; candidate for GitHub-only archive unless still central."
"src/pgmalog_bb.cpp","src","gflowx","high",167,"","Older or experimental conditional-expectation method family; candidate for GitHub-only archive unless still central."
"src/pgmalog_cv.cpp","src","gflowx","high",389,"","Older or experimental conditional-expectation method family; candidate for GitHub-only archive unless still central."
"src/pgmalog.cpp","src","gflowx","high",1451,"","Older or experimental conditional-expectation method family; candidate for GitHub-only archive unless still central."
"src/phate_core_r.cpp","src","gflow","medium",209,"","Graph, geodesic, geometry, dimensionality, or gradient-flow infrastructure."
"src/phate_core_r.h","src","gflow","medium",22,"","Graph, geodesic, geometry, dimensionality, or gradient-flow infrastructure."
"src/predictive_errors.cpp","src","undecided","low",493,"","Needs manual review."
"src/progress_utils.cpp","src","shared","medium",129,"","Cross-cutting infrastructure, generated registration, utilities, synthetic/test helpers, or shared numerical support."
"src/prune_long_edges.cpp","src","undecided","low",228,"","Needs manual review."
"src/pruning_long_edges.cpp","src","gflow","medium",1740,"","Graph, geodesic, geometry, dimensionality, or gradient-flow infrastructure."
"src/quadform_delaunay_edges.cpp","src","undecided","low",183,"","Needs manual review."
"src/quadform_grid_geodesics.cpp","src","gflow","medium",813,"","Graph, geodesic, geometry, dimensionality, or gradient-flow infrastructure."
"src/random_sampling.cpp","src","shared","medium",540,"","Cross-cutting infrastructure, generated registration, utilities, synthetic/test helpers, or shared numerical support."
"src/ray_agemalo.cpp","src","gflowx","high",743,"","Older or experimental conditional-expectation method family; candidate for GitHub-only archive unless still central."
"src/RcppExports.cpp","src","shared","medium",228,"","Cross-cutting infrastructure, generated registration, utilities, synthetic/test helpers, or shared numerical support."
"src/riem_dcx_basins.cpp","src","geosmooth","high",202,"","Conditional-expectation, smoothing, regression, trend-filtering, or fitted-response model."
"src/riem_dcx_coboundary.cpp","src","geosmooth","high",1255,"","Conditional-expectation, smoothing, regression, trend-filtering, or fitted-response model."
"src/riem_dcx_initialization.cpp","src","geosmooth","high",1791,"","Conditional-expectation, smoothing, regression, trend-filtering, or fitted-response model."
"src/riem_dcx_posterior_r.cpp","src","geosmooth","high",445,"","Conditional-expectation, smoothing, regression, trend-filtering, or fitted-response model."
"src/riem_dcx_regression_r.cpp","src","geosmooth","high",2341,"","Conditional-expectation, smoothing, regression, trend-filtering, or fitted-response model."
"src/riem_dcx_regression.cpp","src","geosmooth","high",7568,"","Conditional-expectation, smoothing, regression, trend-filtering, or fitted-response model."
"src/riem_dcx_tie_breaking.cpp","src","geosmooth","high",334,"","Conditional-expectation, smoothing, regression, trend-filtering, or fitted-response model."
"src/riem_dcx.cpp","src","geosmooth","high",978,"","Conditional-expectation, smoothing, regression, trend-filtering, or fitted-response model."
"src/se_tree_r.cpp","src","undecided","low",269,"","Needs manual review."
"src/se_tree.cpp","src","undecided","low",316,"","Needs manual review."
"src/set_wgraph_basins_r.cpp","src","gflow","high",574,"","Gradient-flow cells, Morse-Smale objects, basins, extrema, or trajectory infrastructure."
"src/set_wgraph_basins_rtcb_r.cpp","src","gflow","high",918,"","Gradient-flow cells, Morse-Smale objects, basins, extrema, or trajectory infrastructure."
"src/set_wgraph_basins.cpp","src","gflow","high",518,"","Gradient-flow cells, Morse-Smale objects, basins, extrema, or trajectory infrastructure."
"src/set_wgraph.cpp","src","gflow","medium",1490,"","Graph, geodesic, geometry, dimensionality, or gradient-flow infrastructure."
"src/SEXP_cpp_conversion_utils.cpp","src","shared","medium",1381,"","Cross-cutting infrastructure, generated registration, utilities, synthetic/test helpers, or shared numerical support."
"src/shortest_path_utils.cpp","src","gflow","medium",583,"","Graph, geodesic, geometry, dimensionality, or gradient-flow infrastructure."
"src/sknn_graphs.cpp","src","gflow","medium",927,"","Graph, geodesic, geometry, dimensionality, or gradient-flow infrastructure."
"src/sort_utils.cpp","src","shared","medium",32,"","Cross-cutting infrastructure, generated registration, utilities, synthetic/test helpers, or shared numerical support."
"src/ssrhe_hessian_energy_r.h","src","geosmooth","high",30,"","Conditional-expectation, smoothing, regression, trend-filtering, or fitted-response model."
"src/ssrhe_hessian_energy.cpp","src","geosmooth","high",834,"","Conditional-expectation, smoothing, regression, trend-filtering, or fitted-response model."
"src/stats_utils.c","src","shared","medium",1607,"","Cross-cutting infrastructure, generated registration, utilities, synthetic/test helpers, or shared numerical support."
"src/traj_clustering_r.cpp","src","gflowx","medium",195,"","Analysis workflow, association testing, clustering, visualization, microbiome-specific, or experimental application layer."
"src/traj_clustering.cpp","src","gflowx","medium",447,"","Analysis workflow, association testing, clustering, visualization, microbiome-specific, or experimental application layer."
"src/tube_lens_corridor.cpp","src","undecided","low",333,"","Needs manual review."
"src/uggmalo.cpp","src","gflowx","high",736,"","Older or experimental conditional-expectation method family; candidate for GitHub-only archive unless still central."
"src/ulm.cpp","src","undecided","low",691,"","Needs manual review."
"src/ulogit.cpp","src","geosmooth","high",1207,"","Conditional-expectation, smoothing, regression, trend-filtering, or fitted-response model."
"src/uniform_grid_graph.cpp","src","gflow","medium",1901,"","Graph, geodesic, geometry, dimensionality, or gradient-flow infrastructure."
"src/vertex_density_r.cpp","src","undecided","low",83,"","Needs manual review."
"src/wasserstein_dist.c","src","gflowx","medium",64,"","Analysis workflow, association testing, clustering, visualization, microbiome-specific, or experimental application layer."
"src/wasserstein_perm_test.cpp","src","gflowx","medium",144,"","Analysis workflow, association testing, clustering, visualization, microbiome-specific, or experimental application layer."
"src/weighted_correlation.cpp","src","undecided","low",119,"","Needs manual review."
"tests/testthat/helper-linf-simplex-oracle.R","tests","shared","medium",121,"","Test helper; final home depends on tests retained by each split package."
"tests/testthat/helper-nerve-utils.R","tests","shared","medium",81,"","Test helper; final home depends on tests retained by each split package."
"tests/testthat/test-basin-summary-cpp.R","tests","gflow","high",135,"","Gradient-flow cells, Morse-Smale objects, basins, extrema, or trajectory infrastructure."
"tests/testthat/test-component-mst-connectivity.R","tests","gflow","high",163,"","Test coverage for graph/geodesic/geometry infrastructure."
"tests/testthat/test-compute-gfc-geometric-filter.R","tests","gflow","high",104,"","Gradient-flow cells, Morse-Smale objects, basins, extrema, or trajectory infrastructure."
"tests/testthat/test-compute-gfc-summary-harmonization.R","tests","gflow","high",105,"","Gradient-flow cells, Morse-Smale objects, basins, extrema, or trajectory infrastructure."
"tests/testthat/test-congruence-with-labels.R","tests","undecided","low",20,"","Needs manual review."
"tests/testthat/test-diffusion-pseudotime-sparse.R","tests","gflow","medium",174,"","Graph, geodesic, geometry, dimensionality, or gradient-flow infrastructure."
"tests/testthat/test-distance-graph-helpers.R","tests","gflow","high",198,"","Test coverage for graph/geodesic/geometry infrastructure."
"tests/testthat/test-geodesic-iknn-graphs.R","tests","gflow","high",103,"","Test coverage for graph/geodesic/geometry infrastructure."
"tests/testthat/test-global-geodesic-ratio-pruning.R","tests","gflow","medium",285,"","Graph, geodesic, geometry, dimensionality, or gradient-flow infrastructure."
"tests/testthat/test-graph-cltr-imputation.R","tests","gflow","high",35,"","Test coverage for graph/geodesic/geometry infrastructure."
"tests/testthat/test-graph-endpoint-geometry.R","tests","gflow","high",249,"","Test coverage for graph/geodesic/geometry infrastructure."
"tests/testthat/test-graph-geodesic-distances.R","tests","gflow","high",293,"","Test coverage for graph/geodesic/geometry infrastructure."
"tests/testthat/test-graph-summary-divergence.R","tests","gflow","high",141,"","Test coverage for graph/geodesic/geometry infrastructure."
"tests/testthat/test-graph-trend-filtering.R","tests","gflow","high",1297,"","Test coverage for graph/geodesic/geometry infrastructure."
"tests/testthat/test-isometry-deviation.R","tests","gflow","high",98,"","Test coverage for graph/geodesic/geometry infrastructure."
"tests/testthat/test-kernel-local-polynomial-cv.R","tests","geosmooth","high",256,"","Test coverage for smoothing/regression/trend-filtering method."
"tests/testthat/test-knn-ann-metric.R","tests","undecided","low",14,"","Needs manual review."
"tests/testthat/test-label-extrema-leaders-3d.R","tests","gflow","high",120,"","Gradient-flow cells, Morse-Smale objects, basins, extrema, or trajectory infrastructure."
"tests/testthat/test-lcor-hop-radius.R","tests","gflowx","medium",40,"","Analysis workflow, association testing, clustering, visualization, microbiome-specific, or experimental application layer."
"tests/testthat/test-linf-simplex-knn.R","tests","undecided","low",152,"","Needs manual review."
"tests/testthat/test-local-geodesic-pruning-cpp.R","tests","gflow","high",264,"","Test coverage for graph/geodesic/geometry infrastructure."
"tests/testthat/test-local-pca-charts.R","tests","undecided","low",85,"","Needs manual review."
"tests/testthat/test-lpl-tf.R","tests","geosmooth","high",568,"","Test coverage for smoothing/regression/trend-filtering method."
"tests/testthat/test-malps.R","tests","geosmooth","high",1520,"","Test coverage for smoothing/regression/trend-filtering method."
"tests/testthat/test-metric-graph-lowpass.R","tests","geosmooth","high",359,"","Test coverage for smoothing/regression/trend-filtering method."
"tests/testthat/test-mknn-graphs.R","tests","gflow","high",58,"","Test coverage for graph/geodesic/geometry infrastructure."
"tests/testthat/test-mst-completion-graphs.R","tests","gflow","high",49,"","Test coverage for graph/geodesic/geometry infrastructure."
"tests/testthat/test-nerve-construction.R","tests","gflow","high",283,"","Test coverage for graph/geodesic/geometry infrastructure."
"tests/testthat/test-no-msr2-includes.R","tests","undecided","low",16,"","Needs manual review."
"tests/testthat/test-phate-core-embed.R","tests","gflow","high",160,"","Test coverage for graph/geodesic/geometry infrastructure."
"tests/testthat/test-phate-phase1-python-kernel.R","tests","gflow","high",73,"","Test coverage for graph/geodesic/geometry infrastructure."
"tests/testthat/test-phate-phase2-diffusion-potential.R","tests","gflow","high",129,"","Test coverage for graph/geodesic/geometry infrastructure."
"tests/testthat/test-phate-phase3-mds-parity.R","tests","gflow","high",131,"","Test coverage for graph/geodesic/geometry infrastructure."
"tests/testthat/test-phate-phase5-embedding-distance-boundary.R","tests","gflow","high",96,"","Test coverage for graph/geodesic/geometry infrastructure."
"tests/testthat/test-phate-phase6-python-parity-suite.R","tests","gflow","high",137,"","Test coverage for graph/geodesic/geometry infrastructure."
"tests/testthat/test-plot3d-widget-aliases.R","tests","undecided","low",39,"","Needs manual review."
"tests/testthat/test-pttf-fit.R","tests","geosmooth","high",178,"","Test coverage for smoothing/regression/trend-filtering method."
"tests/testthat/test-pttf-geometry.R","tests","geosmooth","high",129,"","Test coverage for smoothing/regression/trend-filtering method."
"tests/testthat/test-pttf-operator.R","tests","geosmooth","high",160,"","Test coverage for smoothing/regression/trend-filtering method."
"tests/testthat/test-quadform-geodesics.R","tests","gflow","high",1029,"","Test coverage for graph/geodesic/geometry infrastructure."
"tests/testthat/test-radius-graphs.R","tests","gflow","high",349,"","Test coverage for graph/geodesic/geometry infrastructure."
"tests/testthat/test-rdgraph-density-reference-robustness.R","tests","geosmooth","high",92,"","Conditional-expectation, smoothing, regression, trend-filtering, or fitted-response model."
"tests/testthat/test-rdgraph-geometric-pruning-switch.R","tests","geosmooth","high",161,"","Conditional-expectation, smoothing, regression, trend-filtering, or fitted-response model."
"tests/testthat/test-rdgraph-iknn-invariance.R","tests","geosmooth","high",163,"","Conditional-expectation, smoothing, regression, trend-filtering, or fitted-response model."
"tests/testthat/test-rdgraph-precomputed-graph.R","tests","geosmooth","high",293,"","Conditional-expectation, smoothing, regression, trend-filtering, or fitted-response model."
"tests/testthat/test-rdgraph-runtime-sanity.R","tests","geosmooth","high",96,"","Conditional-expectation, smoothing, regression, trend-filtering, or fitted-response model."
"tests/testthat/test-rdgraph-triangle-policy.R","tests","geosmooth","high",190,"","Conditional-expectation, smoothing, regression, trend-filtering, or fitted-response model."
"tests/testthat/test-rtcb-basins.R","tests","gflow","high",104,"","Gradient-flow cells, Morse-Smale objects, basins, extrema, or trajectory infrastructure."
"tests/testthat/test-sknn-graphs.R","tests","gflow","high",325,"","Test coverage for graph/geodesic/geometry infrastructure."
"tests/testthat/test-slpl-tf.R","tests","geosmooth","high",403,"","Test coverage for smoothing/regression/trend-filtering method."
"tests/testthat/test-spline-replacements.R","tests","undecided","low",151,"","Needs manual review."
"tests/testthat/test-ssrhe-hessian-energy.R","tests","geosmooth","high",1412,"","Test coverage for smoothing/regression/trend-filtering method."
"tests/testthat/test-subject-neighborhood-stats.R","tests","undecided","low",267,"","Needs manual review."
"tests/testthat/test-tube-lens-corridor.R","tests","undecided","low",61,"","Needs manual review."
"vignettes/noisy_circle_core_workflow_vignette.Rmd","vignettes","shared","medium",569,"","Package-level metadata, examples, or documentation that must be reassigned after package boundaries are finalized."
"vignettes/retina_single_cell_workflow_vignette.html","vignettes","shared","medium",786,"","Package-level metadata, examples, or documentation that must be reassigned after package boundaries are finalized."
"vignettes/retina_single_cell_workflow_vignette.Rmd","vignettes","shared","medium",371,"","Package-level metadata, examples, or documentation that must be reassigned after package boundaries are finalized."
"vignettes/sigmoid_fns_vignette.Rmd","vignettes","shared","medium",208,"","Package-level metadata, examples, or documentation that must be reassigned after package boundaries are finalized."
